{"id":"b124d90a60f09645","source_id_to_path":{"0":"contracts/BuyBackBurnV2.sol","1":"contracts/interfaces/IBuyBackBurnV2.sol","2":"interfaces/IRouter.sol","3":"lib/forge-std/src/Base.sol","4":"lib/forge-std/src/StdAssertions.sol","5":"lib/forge-std/src/StdChains.sol","6":"lib/forge-std/src/StdCheats.sol","7":"lib/forge-std/src/StdConstants.sol","8":"lib/forge-std/src/StdError.sol","9":"lib/forge-std/src/StdInvariant.sol","10":"lib/forge-std/src/StdJson.sol","11":"lib/forge-std/src/StdMath.sol","12":"lib/forge-std/src/StdStorage.sol","13":"lib/forge-std/src/StdStyle.sol","14":"lib/forge-std/src/StdToml.sol","15":"lib/forge-std/src/StdUtils.sol","16":"lib/forge-std/src/Test.sol","17":"lib/forge-std/src/Vm.sol","18":"lib/forge-std/src/console.sol","19":"lib/forge-std/src/console2.sol","20":"lib/forge-std/src/interfaces/IMulticall3.sol","21":"lib/forge-std/src/safeconsole.sol","22":"libraries/Constants.sol","23":"libraries/Errors.sol","24":"node_modules/@openzeppelin/contracts-upgradeable/access/AccessControlUpgradeable.sol","25":"node_modules/@openzeppelin/contracts-upgradeable/proxy/utils/Initializable.sol","26":"node_modules/@openzeppelin/contracts-upgradeable/proxy/utils/UUPSUpgradeable.sol","27":"node_modules/@openzeppelin/contracts-upgradeable/utils/ContextUpgradeable.sol","28":"node_modules/@openzeppelin/contracts-upgradeable/utils/PausableUpgradeable.sol","29":"node_modules/@openzeppelin/contracts-upgradeable/utils/ReentrancyGuardUpgradeable.sol","30":"node_modules/@openzeppelin/contracts-upgradeable/utils/introspection/ERC165Upgradeable.sol","31":"node_modules/@openzeppelin/contracts/access/IAccessControl.sol","32":"node_modules/@openzeppelin/contracts/interfaces/IERC1363.sol","33":"node_modules/@openzeppelin/contracts/interfaces/IERC165.sol","34":"node_modules/@openzeppelin/contracts/interfaces/IERC1967.sol","35":"node_modules/@openzeppelin/contracts/interfaces/IERC20.sol","36":"node_modules/@openzeppelin/contracts/interfaces/draft-IERC1822.sol","37":"node_modules/@openzeppelin/contracts/proxy/ERC1967/ERC1967Proxy.sol","38":"node_modules/@openzeppelin/contracts/proxy/ERC1967/ERC1967Utils.sol","39":"node_modules/@openzeppelin/contracts/proxy/Proxy.sol","40":"node_modules/@openzeppelin/contracts/proxy/beacon/IBeacon.sol","41":"node_modules/@openzeppelin/contracts/token/ERC20/IERC20.sol","42":"node_modules/@openzeppelin/contracts/token/ERC20/utils/SafeERC20.sol","43":"node_modules/@openzeppelin/contracts/utils/Address.sol","44":"node_modules/@openzeppelin/contracts/utils/Errors.sol","45":"node_modules/@openzeppelin/contracts/utils/StorageSlot.sol","46":"node_modules/@openzeppelin/contracts/utils/introspection/IERC165.sol","47":"test/TestCoreFunction.t.sol"},"language":"Solidity"}