{
  "manifestVersion": "3.2",
  "proxies": [
    {
      "address": "0x261E50046C16B6f8d1C9AD01EcB5C31e680e0d4f",
      "txHash": "0xbc4d6e0a914c98a75331863723e33a648390a669061f5ba572052590c9e082d0",
      "kind": "uups"
    }
  ],
  "impls": {
    "1ff3b97418b6d4215756e9148433f35e13f6d674c2bd656b3a912cd391710300": {
      "address": "0x1C7A81eb584bE71d6Ed3b6d9511743133916067B",
      "txHash": "0x47caabfff0fc97dcad26481480a022a3ab7947538f43c6ac619697a40aba01c9",
      "layout": {
        "solcVersion": "0.8.22",
        "storage": [
          {
            "label": "s_usdc",
            "offset": 0,
            "slot": "0",
            "type": "t_address",
            "contract": "BuyBackBurnV2",
            "src": "contracts/BuyBackBurnV2.sol:24"
          },
          {
            "label": "s_rwaToken",
            "offset": 0,
            "slot": "1",
            "type": "t_address",
            "contract": "BuyBackBurnV2",
            "src": "contracts/BuyBackBurnV2.sol:25"
          },
          {
            "label": "s_companyWallet",
            "offset": 0,
            "slot": "2",
            "type": "t_address",
            "contract": "BuyBackBurnV2",
            "src": "contracts/BuyBackBurnV2.sol:26"
          },
          {
            "label": "s_aerodromeFactory",
            "offset": 0,
            "slot": "3",
            "type": "t_address",
            "contract": "BuyBackBurnV2",
            "src": "contracts/BuyBackBurnV2.sol:27"
          },
          {
            "label": "router",
            "offset": 0,
            "slot": "4",
            "type": "t_contract(IRouter)3897",
            "contract": "BuyBackBurnV2",
            "src": "contracts/BuyBackBurnV2.sol:28"
          },
          {
            "label": "s_usdcToRwa",
            "offset": 0,
            "slot": "5",
            "type": "t_array(t_struct(Route)3355_storage)dyn_storage",
            "contract": "BuyBackBurnV2",
            "src": "contracts/BuyBackBurnV2.sol:29"
          },
          {
            "label": "maxSlippageBps",
            "offset": 0,
            "slot": "6",
            "type": "t_uint256",
            "contract": "BuyBackBurnV2",
            "src": "contracts/BuyBackBurnV2.sol:30"
          },
          {
            "label": "s_totalBurnedRwaAmount",
            "offset": 0,
            "slot": "7",
            "type": "t_uint256",
            "contract": "BuyBackBurnV2",
            "src": "contracts/BuyBackBurnV2.sol:31"
          },
          {
            "label": "__gap",
            "offset": 0,
            "slot": "8",
            "type": "t_array(t_uint256)50_storage",
            "contract": "BuyBackBurnV2",
            "src": "contracts/BuyBackBurnV2.sol:147"
          }
        ],
        "types": {
          "t_address": {
            "label": "address",
            "numberOfBytes": "20"
          },
          "t_bool": {
            "label": "bool",
            "numberOfBytes": "1"
          },
          "t_bytes32": {
            "label": "bytes32",
            "numberOfBytes": "32"
          },
          "t_mapping(t_address,t_bool)": {
            "label": "mapping(address => bool)",
            "numberOfBytes": "32"
          },
          "t_mapping(t_bytes32,t_struct(RoleData)26_storage)": {
            "label": "mapping(bytes32 => struct AccessControlUpgradeable.RoleData)",
            "numberOfBytes": "32"
          },
          "t_struct(AccessControlStorage)36_storage": {
            "label": "struct AccessControlUpgradeable.AccessControlStorage",
            "members": [
              {
                "label": "_roles",
                "type": "t_mapping(t_bytes32,t_struct(RoleData)26_storage)",
                "offset": 0,
                "slot": "0"
              }
            ],
            "numberOfBytes": "32"
          },
          "t_struct(InitializableStorage)147_storage": {
            "label": "struct Initializable.InitializableStorage",
            "members": [
              {
                "label": "_initialized",
                "type": "t_uint64",
                "offset": 0,
                "slot": "0"
              },
              {
                "label": "_initializing",
                "type": "t_bool",
                "offset": 8,
                "slot": "0"
              }
            ],
            "numberOfBytes": "32"
          },
          "t_struct(PausableStorage)298_storage": {
            "label": "struct PausableUpgradeable.PausableStorage",
            "members": [
              {
                "label": "_paused",
                "type": "t_bool",
                "offset": 0,
                "slot": "0"
              }
            ],
            "numberOfBytes": "32"
          },
          "t_struct(ReentrancyGuardStorage)362_storage": {
            "label": "struct ReentrancyGuardUpgradeable.ReentrancyGuardStorage",
            "members": [
              {
                "label": "_status",
                "type": "t_uint256",
                "offset": 0,
                "slot": "0"
              }
            ],
            "numberOfBytes": "32"
          },
          "t_struct(RoleData)26_storage": {
            "label": "struct AccessControlUpgradeable.RoleData",
            "members": [
              {
                "label": "hasRole",
                "type": "t_mapping(t_address,t_bool)",
                "offset": 0,
                "slot": "0"
              },
              {
                "label": "adminRole",
                "type": "t_bytes32",
                "offset": 0,
                "slot": "1"
              }
            ],
            "numberOfBytes": "64"
          },
          "t_uint256": {
            "label": "uint256",
            "numberOfBytes": "32"
          },
          "t_uint64": {
            "label": "uint64",
            "numberOfBytes": "8"
          },
          "t_array(t_struct(Route)3355_storage)dyn_storage": {
            "label": "struct IRouter.Route[]",
            "numberOfBytes": "32"
          },
          "t_array(t_uint256)50_storage": {
            "label": "uint256[50]",
            "numberOfBytes": "1600"
          },
          "t_contract(IRouter)3897": {
            "label": "contract IRouter",
            "numberOfBytes": "20"
          },
          "t_struct(Route)3355_storage": {
            "label": "struct IRouter.Route",
            "members": [
              {
                "label": "from",
                "type": "t_address",
                "offset": 0,
                "slot": "0"
              },
              {
                "label": "to",
                "type": "t_address",
                "offset": 0,
                "slot": "1"
              },
              {
                "label": "stable",
                "type": "t_bool",
                "offset": 20,
                "slot": "1"
              },
              {
                "label": "factory",
                "type": "t_address",
                "offset": 0,
                "slot": "2"
              }
            ],
            "numberOfBytes": "96"
          }
        },
        "namespaces": {
          "erc7201:openzeppelin.storage.AccessControl": [
            {
              "contract": "AccessControlUpgradeable",
              "label": "_roles",
              "type": "t_mapping(t_bytes32,t_struct(RoleData)26_storage)",
              "src": "@openzeppelin/contracts-upgradeable/access/AccessControlUpgradeable.sol:62",
              "offset": 0,
              "slot": "0"
            }
          ],
          "erc7201:openzeppelin.storage.ReentrancyGuard": [
            {
              "contract": "ReentrancyGuardUpgradeable",
              "label": "_status",
              "type": "t_uint256",
              "src": "@openzeppelin/contracts-upgradeable/utils/ReentrancyGuardUpgradeable.sol:43",
              "offset": 0,
              "slot": "0"
            }
          ],
          "erc7201:openzeppelin.storage.Pausable": [
            {
              "contract": "PausableUpgradeable",
              "label": "_paused",
              "type": "t_bool",
              "src": "@openzeppelin/contracts-upgradeable/utils/PausableUpgradeable.sol:21",
              "offset": 0,
              "slot": "0"
            }
          ],
          "erc7201:openzeppelin.storage.Initializable": [
            {
              "contract": "Initializable",
              "label": "_initialized",
              "type": "t_uint64",
              "src": "@openzeppelin/contracts-upgradeable/proxy/utils/Initializable.sol:69",
              "offset": 0,
              "slot": "0"
            },
            {
              "contract": "Initializable",
              "label": "_initializing",
              "type": "t_bool",
              "src": "@openzeppelin/contracts-upgradeable/proxy/utils/Initializable.sol:73",
              "offset": 8,
              "slot": "0"
            }
          ]
        }
      }
    },
    "efad6708b5c004c266df13a12a759f39807f19452be987f73fd140b466ea5475": {
      "address": "0xF7cfBEEc3578509348f78C260c74f0b1C493b2A8",
      "txHash": "0xe89fd407dcc7b0615da5df5489736a31edec085ec5e5c3cc79ad12a9ddd21a30",
      "layout": {
        "solcVersion": "0.8.22",
        "storage": [
          {
            "label": "s_usdc",
            "offset": 0,
            "slot": "0",
            "type": "t_address",
            "contract": "BuyBackBurnV2",
            "src": "contracts/BuyBackBurnV2.sol:24"
          },
          {
            "label": "s_rwaToken",
            "offset": 0,
            "slot": "1",
            "type": "t_address",
            "contract": "BuyBackBurnV2",
            "src": "contracts/BuyBackBurnV2.sol:25"
          },
          {
            "label": "s_companyWallet",
            "offset": 0,
            "slot": "2",
            "type": "t_address",
            "contract": "BuyBackBurnV2",
            "src": "contracts/BuyBackBurnV2.sol:26"
          },
          {
            "label": "s_aerodromeFactory",
            "offset": 0,
            "slot": "3",
            "type": "t_address",
            "contract": "BuyBackBurnV2",
            "src": "contracts/BuyBackBurnV2.sol:27"
          },
          {
            "label": "router",
            "offset": 0,
            "slot": "4",
            "type": "t_contract(IRouter)3897",
            "contract": "BuyBackBurnV2",
            "src": "contracts/BuyBackBurnV2.sol:28"
          },
          {
            "label": "s_usdcToRwa",
            "offset": 0,
            "slot": "5",
            "type": "t_array(t_struct(Route)3355_storage)dyn_storage",
            "contract": "BuyBackBurnV2",
            "src": "contracts/BuyBackBurnV2.sol:29"
          },
          {
            "label": "maxSlippageBps",
            "offset": 0,
            "slot": "6",
            "type": "t_uint256",
            "contract": "BuyBackBurnV2",
            "src": "contracts/BuyBackBurnV2.sol:30"
          },
          {
            "label": "s_totalBurnedRwaAmount",
            "offset": 0,
            "slot": "7",
            "type": "t_uint256",
            "contract": "BuyBackBurnV2",
            "src": "contracts/BuyBackBurnV2.sol:31"
          },
          {
            "label": "__gap",
            "offset": 0,
            "slot": "8",
            "type": "t_array(t_uint256)50_storage",
            "contract": "BuyBackBurnV2",
            "src": "contracts/BuyBackBurnV2.sol:147"
          }
        ],
        "types": {
          "t_address": {
            "label": "address",
            "numberOfBytes": "20"
          },
          "t_bool": {
            "label": "bool",
            "numberOfBytes": "1"
          },
          "t_bytes32": {
            "label": "bytes32",
            "numberOfBytes": "32"
          },
          "t_mapping(t_address,t_bool)": {
            "label": "mapping(address => bool)",
            "numberOfBytes": "32"
          },
          "t_mapping(t_bytes32,t_struct(RoleData)26_storage)": {
            "label": "mapping(bytes32 => struct AccessControlUpgradeable.RoleData)",
            "numberOfBytes": "32"
          },
          "t_struct(AccessControlStorage)36_storage": {
            "label": "struct AccessControlUpgradeable.AccessControlStorage",
            "members": [
              {
                "label": "_roles",
                "type": "t_mapping(t_bytes32,t_struct(RoleData)26_storage)",
                "offset": 0,
                "slot": "0"
              }
            ],
            "numberOfBytes": "32"
          },
          "t_struct(InitializableStorage)147_storage": {
            "label": "struct Initializable.InitializableStorage",
            "members": [
              {
                "label": "_initialized",
                "type": "t_uint64",
                "offset": 0,
                "slot": "0"
              },
              {
                "label": "_initializing",
                "type": "t_bool",
                "offset": 8,
                "slot": "0"
              }
            ],
            "numberOfBytes": "32"
          },
          "t_struct(PausableStorage)298_storage": {
            "label": "struct PausableUpgradeable.PausableStorage",
            "members": [
              {
                "label": "_paused",
                "type": "t_bool",
                "offset": 0,
                "slot": "0"
              }
            ],
            "numberOfBytes": "32"
          },
          "t_struct(ReentrancyGuardStorage)362_storage": {
            "label": "struct ReentrancyGuardUpgradeable.ReentrancyGuardStorage",
            "members": [
              {
                "label": "_status",
                "type": "t_uint256",
                "offset": 0,
                "slot": "0"
              }
            ],
            "numberOfBytes": "32"
          },
          "t_struct(RoleData)26_storage": {
            "label": "struct AccessControlUpgradeable.RoleData",
            "members": [
              {
                "label": "hasRole",
                "type": "t_mapping(t_address,t_bool)",
                "offset": 0,
                "slot": "0"
              },
              {
                "label": "adminRole",
                "type": "t_bytes32",
                "offset": 0,
                "slot": "1"
              }
            ],
            "numberOfBytes": "64"
          },
          "t_uint256": {
            "label": "uint256",
            "numberOfBytes": "32"
          },
          "t_uint64": {
            "label": "uint64",
            "numberOfBytes": "8"
          },
          "t_array(t_struct(Route)3355_storage)dyn_storage": {
            "label": "struct IRouter.Route[]",
            "numberOfBytes": "32"
          },
          "t_array(t_uint256)50_storage": {
            "label": "uint256[50]",
            "numberOfBytes": "1600"
          },
          "t_contract(IRouter)3897": {
            "label": "contract IRouter",
            "numberOfBytes": "20"
          },
          "t_struct(Route)3355_storage": {
            "label": "struct IRouter.Route",
            "members": [
              {
                "label": "from",
                "type": "t_address",
                "offset": 0,
                "slot": "0"
              },
              {
                "label": "to",
                "type": "t_address",
                "offset": 0,
                "slot": "1"
              },
              {
                "label": "stable",
                "type": "t_bool",
                "offset": 20,
                "slot": "1"
              },
              {
                "label": "factory",
                "type": "t_address",
                "offset": 0,
                "slot": "2"
              }
            ],
            "numberOfBytes": "96"
          }
        },
        "namespaces": {
          "erc7201:openzeppelin.storage.AccessControl": [
            {
              "contract": "AccessControlUpgradeable",
              "label": "_roles",
              "type": "t_mapping(t_bytes32,t_struct(RoleData)26_storage)",
              "src": "@openzeppelin/contracts-upgradeable/access/AccessControlUpgradeable.sol:62",
              "offset": 0,
              "slot": "0"
            }
          ],
          "erc7201:openzeppelin.storage.ReentrancyGuard": [
            {
              "contract": "ReentrancyGuardUpgradeable",
              "label": "_status",
              "type": "t_uint256",
              "src": "@openzeppelin/contracts-upgradeable/utils/ReentrancyGuardUpgradeable.sol:43",
              "offset": 0,
              "slot": "0"
            }
          ],
          "erc7201:openzeppelin.storage.Pausable": [
            {
              "contract": "PausableUpgradeable",
              "label": "_paused",
              "type": "t_bool",
              "src": "@openzeppelin/contracts-upgradeable/utils/PausableUpgradeable.sol:21",
              "offset": 0,
              "slot": "0"
            }
          ],
          "erc7201:openzeppelin.storage.Initializable": [
            {
              "contract": "Initializable",
              "label": "_initialized",
              "type": "t_uint64",
              "src": "@openzeppelin/contracts-upgradeable/proxy/utils/Initializable.sol:69",
              "offset": 0,
              "slot": "0"
            },
            {
              "contract": "Initializable",
              "label": "_initializing",
              "type": "t_bool",
              "src": "@openzeppelin/contracts-upgradeable/proxy/utils/Initializable.sol:73",
              "offset": 8,
              "slot": "0"
            }
          ]
        }
      }
    },
    "825e944873eb5da14eafd98072f45c1606d7ee25628d8c321328b569322b6d4e": {
      "address": "0x4083Ec22DDF2f27b1e35e888C5319B97D29c3D89",
      "txHash": "0xe3b006ffcef79ba94dd178c44cc63bf7fb2ac8825c8b964f2dd082847bff2144",
      "layout": {
        "solcVersion": "0.8.22",
        "storage": [
          {
            "label": "s_usdc",
            "offset": 0,
            "slot": "0",
            "type": "t_address",
            "contract": "BuyBackBurnV2",
            "src": "contracts/BuyBackBurnV2.sol:24"
          },
          {
            "label": "s_rwaToken",
            "offset": 0,
            "slot": "1",
            "type": "t_address",
            "contract": "BuyBackBurnV2",
            "src": "contracts/BuyBackBurnV2.sol:25"
          },
          {
            "label": "s_companyWallet",
            "offset": 0,
            "slot": "2",
            "type": "t_address",
            "contract": "BuyBackBurnV2",
            "src": "contracts/BuyBackBurnV2.sol:26"
          },
          {
            "label": "s_aerodromeFactory",
            "offset": 0,
            "slot": "3",
            "type": "t_address",
            "contract": "BuyBackBurnV2",
            "src": "contracts/BuyBackBurnV2.sol:27"
          },
          {
            "label": "router",
            "offset": 0,
            "slot": "4",
            "type": "t_contract(IRouter)3909",
            "contract": "BuyBackBurnV2",
            "src": "contracts/BuyBackBurnV2.sol:28"
          },
          {
            "label": "s_usdcToRwa",
            "offset": 0,
            "slot": "5",
            "type": "t_array(t_struct(Route)3367_storage)dyn_storage",
            "contract": "BuyBackBurnV2",
            "src": "contracts/BuyBackBurnV2.sol:29"
          },
          {
            "label": "maxSlippageBps",
            "offset": 0,
            "slot": "6",
            "type": "t_uint256",
            "contract": "BuyBackBurnV2",
            "src": "contracts/BuyBackBurnV2.sol:30"
          },
          {
            "label": "s_totalBurnedRwaAmount",
            "offset": 0,
            "slot": "7",
            "type": "t_uint256",
            "contract": "BuyBackBurnV2",
            "src": "contracts/BuyBackBurnV2.sol:31"
          },
          {
            "label": "__gap",
            "offset": 0,
            "slot": "8",
            "type": "t_array(t_uint256)50_storage",
            "contract": "BuyBackBurnV2",
            "src": "contracts/BuyBackBurnV2.sol:151"
          }
        ],
        "types": {
          "t_address": {
            "label": "address",
            "numberOfBytes": "20"
          },
          "t_bool": {
            "label": "bool",
            "numberOfBytes": "1"
          },
          "t_bytes32": {
            "label": "bytes32",
            "numberOfBytes": "32"
          },
          "t_mapping(t_address,t_bool)": {
            "label": "mapping(address => bool)",
            "numberOfBytes": "32"
          },
          "t_mapping(t_bytes32,t_struct(RoleData)26_storage)": {
            "label": "mapping(bytes32 => struct AccessControlUpgradeable.RoleData)",
            "numberOfBytes": "32"
          },
          "t_struct(AccessControlStorage)36_storage": {
            "label": "struct AccessControlUpgradeable.AccessControlStorage",
            "members": [
              {
                "label": "_roles",
                "type": "t_mapping(t_bytes32,t_struct(RoleData)26_storage)",
                "offset": 0,
                "slot": "0"
              }
            ],
            "numberOfBytes": "32"
          },
          "t_struct(InitializableStorage)147_storage": {
            "label": "struct Initializable.InitializableStorage",
            "members": [
              {
                "label": "_initialized",
                "type": "t_uint64",
                "offset": 0,
                "slot": "0"
              },
              {
                "label": "_initializing",
                "type": "t_bool",
                "offset": 8,
                "slot": "0"
              }
            ],
            "numberOfBytes": "32"
          },
          "t_struct(PausableStorage)298_storage": {
            "label": "struct PausableUpgradeable.PausableStorage",
            "members": [
              {
                "label": "_paused",
                "type": "t_bool",
                "offset": 0,
                "slot": "0"
              }
            ],
            "numberOfBytes": "32"
          },
          "t_struct(ReentrancyGuardStorage)362_storage": {
            "label": "struct ReentrancyGuardUpgradeable.ReentrancyGuardStorage",
            "members": [
              {
                "label": "_status",
                "type": "t_uint256",
                "offset": 0,
                "slot": "0"
              }
            ],
            "numberOfBytes": "32"
          },
          "t_struct(RoleData)26_storage": {
            "label": "struct AccessControlUpgradeable.RoleData",
            "members": [
              {
                "label": "hasRole",
                "type": "t_mapping(t_address,t_bool)",
                "offset": 0,
                "slot": "0"
              },
              {
                "label": "adminRole",
                "type": "t_bytes32",
                "offset": 0,
                "slot": "1"
              }
            ],
            "numberOfBytes": "64"
          },
          "t_uint256": {
            "label": "uint256",
            "numberOfBytes": "32"
          },
          "t_uint64": {
            "label": "uint64",
            "numberOfBytes": "8"
          },
          "t_array(t_struct(Route)3367_storage)dyn_storage": {
            "label": "struct IRouter.Route[]",
            "numberOfBytes": "32"
          },
          "t_array(t_uint256)50_storage": {
            "label": "uint256[50]",
            "numberOfBytes": "1600"
          },
          "t_contract(IRouter)3909": {
            "label": "contract IRouter",
            "numberOfBytes": "20"
          },
          "t_struct(Route)3367_storage": {
            "label": "struct IRouter.Route",
            "members": [
              {
                "label": "from",
                "type": "t_address",
                "offset": 0,
                "slot": "0"
              },
              {
                "label": "to",
                "type": "t_address",
                "offset": 0,
                "slot": "1"
              },
              {
                "label": "stable",
                "type": "t_bool",
                "offset": 20,
                "slot": "1"
              },
              {
                "label": "factory",
                "type": "t_address",
                "offset": 0,
                "slot": "2"
              }
            ],
            "numberOfBytes": "96"
          }
        },
        "namespaces": {
          "erc7201:openzeppelin.storage.AccessControl": [
            {
              "contract": "AccessControlUpgradeable",
              "label": "_roles",
              "type": "t_mapping(t_bytes32,t_struct(RoleData)26_storage)",
              "src": "@openzeppelin/contracts-upgradeable/access/AccessControlUpgradeable.sol:62",
              "offset": 0,
              "slot": "0"
            }
          ],
          "erc7201:openzeppelin.storage.ReentrancyGuard": [
            {
              "contract": "ReentrancyGuardUpgradeable",
              "label": "_status",
              "type": "t_uint256",
              "src": "@openzeppelin/contracts-upgradeable/utils/ReentrancyGuardUpgradeable.sol:43",
              "offset": 0,
              "slot": "0"
            }
          ],
          "erc7201:openzeppelin.storage.Pausable": [
            {
              "contract": "PausableUpgradeable",
              "label": "_paused",
              "type": "t_bool",
              "src": "@openzeppelin/contracts-upgradeable/utils/PausableUpgradeable.sol:21",
              "offset": 0,
              "slot": "0"
            }
          ],
          "erc7201:openzeppelin.storage.Initializable": [
            {
              "contract": "Initializable",
              "label": "_initialized",
              "type": "t_uint64",
              "src": "@openzeppelin/contracts-upgradeable/proxy/utils/Initializable.sol:69",
              "offset": 0,
              "slot": "0"
            },
            {
              "contract": "Initializable",
              "label": "_initializing",
              "type": "t_bool",
              "src": "@openzeppelin/contracts-upgradeable/proxy/utils/Initializable.sol:73",
              "offset": 8,
              "slot": "0"
            }
          ]
        }
      }
    }
  }
}
