{
  "manifestVersion": "3.2",
  "proxies": [],
  "impls": {
    "b679be5053662cc655a1e363015c9f5f364691f4b1b427584b763197ba72d450": {
      "address": "0x261E50046C16B6f8d1C9AD01EcB5C31e680e0d4f",
      "txHash": "0x64d3cb1dbd01aa665e5c3b2978d55d149ae453fee1d700d49887b4afc6f8660f",
      "layout": {
        "solcVersion": "0.8.22",
        "storage": [
          {
            "label": "s_usdc",
            "offset": 0,
            "slot": "0",
            "type": "t_address",
            "contract": "BuyBackBurnV2",
            "src": "contracts/BuyBackBurnV2.sol:24"
          },
          {
            "label": "s_rwaToken",
            "offset": 0,
            "slot": "1",
            "type": "t_address",
            "contract": "BuyBackBurnV2",
            "src": "contracts/BuyBackBurnV2.sol:25"
          },
          {
            "label": "s_companyWallet",
            "offset": 0,
            "slot": "2",
            "type": "t_address",
            "contract": "BuyBackBurnV2",
            "src": "contracts/BuyBackBurnV2.sol:26"
          },
          {
            "label": "s_aerodromeFactory",
            "offset": 0,
            "slot": "3",
            "type": "t_address",
            "contract": "BuyBackBurnV2",
            "src": "contracts/BuyBackBurnV2.sol:27"
          },
          {
            "label": "routerAddr",
            "offset": 0,
            "slot": "4",
            "type": "t_address",
            "contract": "BuyBackBurnV2",
            "src": "contracts/BuyBackBurnV2.sol:28"
          },
          {
            "label": "router",
            "offset": 0,
            "slot": "5",
            "type": "t_contract(IRouter)3780",
            "contract": "BuyBackBurnV2",
            "src": "contracts/BuyBackBurnV2.sol:29"
          },
          {
            "label": "s_usdcToRwa",
            "offset": 0,
            "slot": "6",
            "type": "t_array(t_struct(Route)3238_storage)dyn_storage",
            "contract": "BuyBackBurnV2",
            "src": "contracts/BuyBackBurnV2.sol:30"
          },
          {
            "label": "maxSlippageBps",
            "offset": 0,
            "slot": "7",
            "type": "t_uint256",
            "contract": "BuyBackBurnV2",
            "src": "contracts/BuyBackBurnV2.sol:31"
          },
          {
            "label": "s_totalBurnedRwaAmount",
            "offset": 0,
            "slot": "8",
            "type": "t_uint256",
            "contract": "BuyBackBurnV2",
            "src": "contracts/BuyBackBurnV2.sol:32"
          },
          {
            "label": "__gap",
            "offset": 0,
            "slot": "9",
            "type": "t_array(t_uint256)50_storage",
            "contract": "BuyBackBurnV2",
            "src": "contracts/BuyBackBurnV2.sol:144"
          }
        ],
        "types": {
          "t_address": {
            "label": "address",
            "numberOfBytes": "20"
          },
          "t_bool": {
            "label": "bool",
            "numberOfBytes": "1"
          },
          "t_bytes32": {
            "label": "bytes32",
            "numberOfBytes": "32"
          },
          "t_mapping(t_address,t_bool)": {
            "label": "mapping(address => bool)",
            "numberOfBytes": "32"
          },
          "t_mapping(t_bytes32,t_struct(RoleData)26_storage)": {
            "label": "mapping(bytes32 => struct AccessControlUpgradeable.RoleData)",
            "numberOfBytes": "32"
          },
          "t_struct(AccessControlStorage)36_storage": {
            "label": "struct AccessControlUpgradeable.AccessControlStorage",
            "members": [
              {
                "label": "_roles",
                "type": "t_mapping(t_bytes32,t_struct(RoleData)26_storage)",
                "offset": 0,
                "slot": "0"
              }
            ],
            "numberOfBytes": "32"
          },
          "t_struct(InitializableStorage)147_storage": {
            "label": "struct Initializable.InitializableStorage",
            "members": [
              {
                "label": "_initialized",
                "type": "t_uint64",
                "offset": 0,
                "slot": "0"
              },
              {
                "label": "_initializing",
                "type": "t_bool",
                "offset": 8,
                "slot": "0"
              }
            ],
            "numberOfBytes": "32"
          },
          "t_struct(PausableStorage)298_storage": {
            "label": "struct PausableUpgradeable.PausableStorage",
            "members": [
              {
                "label": "_paused",
                "type": "t_bool",
                "offset": 0,
                "slot": "0"
              }
            ],
            "numberOfBytes": "32"
          },
          "t_struct(ReentrancyGuardStorage)362_storage": {
            "label": "struct ReentrancyGuardUpgradeable.ReentrancyGuardStorage",
            "members": [
              {
                "label": "_status",
                "type": "t_uint256",
                "offset": 0,
                "slot": "0"
              }
            ],
            "numberOfBytes": "32"
          },
          "t_struct(RoleData)26_storage": {
            "label": "struct AccessControlUpgradeable.RoleData",
            "members": [
              {
                "label": "hasRole",
                "type": "t_mapping(t_address,t_bool)",
                "offset": 0,
                "slot": "0"
              },
              {
                "label": "adminRole",
                "type": "t_bytes32",
                "offset": 0,
                "slot": "1"
              }
            ],
            "numberOfBytes": "64"
          },
          "t_uint256": {
            "label": "uint256",
            "numberOfBytes": "32"
          },
          "t_uint64": {
            "label": "uint64",
            "numberOfBytes": "8"
          },
          "t_array(t_struct(Route)3238_storage)dyn_storage": {
            "label": "struct IRouter.Route[]",
            "numberOfBytes": "32"
          },
          "t_array(t_uint256)50_storage": {
            "label": "uint256[50]",
            "numberOfBytes": "1600"
          },
          "t_contract(IRouter)3780": {
            "label": "contract IRouter",
            "numberOfBytes": "20"
          },
          "t_struct(Route)3238_storage": {
            "label": "struct IRouter.Route",
            "members": [
              {
                "label": "from",
                "type": "t_address",
                "offset": 0,
                "slot": "0"
              },
              {
                "label": "to",
                "type": "t_address",
                "offset": 0,
                "slot": "1"
              },
              {
                "label": "stable",
                "type": "t_bool",
                "offset": 20,
                "slot": "1"
              },
              {
                "label": "factory",
                "type": "t_address",
                "offset": 0,
                "slot": "2"
              }
            ],
            "numberOfBytes": "96"
          }
        },
        "namespaces": {
          "erc7201:openzeppelin.storage.AccessControl": [
            {
              "contract": "AccessControlUpgradeable",
              "label": "_roles",
              "type": "t_mapping(t_bytes32,t_struct(RoleData)26_storage)",
              "src": "@openzeppelin/contracts-upgradeable/access/AccessControlUpgradeable.sol:62",
              "offset": 0,
              "slot": "0"
            }
          ],
          "erc7201:openzeppelin.storage.ReentrancyGuard": [
            {
              "contract": "ReentrancyGuardUpgradeable",
              "label": "_status",
              "type": "t_uint256",
              "src": "@openzeppelin/contracts-upgradeable/utils/ReentrancyGuardUpgradeable.sol:43",
              "offset": 0,
              "slot": "0"
            }
          ],
          "erc7201:openzeppelin.storage.Pausable": [
            {
              "contract": "PausableUpgradeable",
              "label": "_paused",
              "type": "t_bool",
              "src": "@openzeppelin/contracts-upgradeable/utils/PausableUpgradeable.sol:21",
              "offset": 0,
              "slot": "0"
            }
          ],
          "erc7201:openzeppelin.storage.Initializable": [
            {
              "contract": "Initializable",
              "label": "_initialized",
              "type": "t_uint64",
              "src": "@openzeppelin/contracts-upgradeable/proxy/utils/Initializable.sol:69",
              "offset": 0,
              "slot": "0"
            },
            {
              "contract": "Initializable",
              "label": "_initializing",
              "type": "t_bool",
              "src": "@openzeppelin/contracts-upgradeable/proxy/utils/Initializable.sol:73",
              "offset": 8,
              "slot": "0"
            }
          ]
        }
      }
    }
  }
}
